gender,variance_e1,variance_e2,covariance
M,1.78882915,0.37285614,0.37285614
F,2.498754776,1.373702473,-0.282407853
