male_epsilon;male_sigma;female_epsilon;female_sigma
1.788829;0.3728561;0;0
0.3728561;1.3737025;0;0
0;0;2.498755;0
0;0;-0.2824079;1.3737025
