gender,K(2013),kappa(2013),theta,a
M,-54.50684052,0.81033345,-2.23246419,0.98797997
F,-48.21579242,8.78447896,-1.93727487,0.99534359
