gender,K,kappa,theta,a
M,-54.61968147,1.422914823,-2.126867912,0.979821003
F,-47.80492426,10.9099197,-2.066106715,0.976361615
